CREATE DATABASE `park`;
SET SQL_MODE = "NO_AUTO_VALUE_ON_ZERO";
SET time_zone = "+00:00";

/*!40101 SET @OLD_CHARACTER_SET_CLIENT = @@CHARACTER_SET_CLIENT */;
/*!40101 SET @OLD_CHARACTER_SET_RESULTS = @@CHARACTER_SET_RESULTS */;
/*!40101 SET @OLD_COLLATION_CONNECTION = @@COLLATION_CONNECTION */;
/*!40101 SET NAMES utf8mb4 */;


CREATE TABLE `access`
(
    `id`       int          NOT NULL AUTO_INCREMENT,
    `location` varchar(256) NOT NULL COMMENT '接入地点',
    `date`     date         NOT NULL COMMENT '接入日期',
    `num`      int          NOT NULL COMMENT '接入数量',
    PRIMARY KEY (`id`)
) ENGINE = InnoDB
  DEFAULT CHARSET = utf8mb4
  COLLATE = utf8mb4_0900_ai_ci COMMENT ='接入数量';

INSERT INTO `access` (`id`, `location`, `date`, `num`)
VALUES (1, '奇想花园', '2022-02-11', 96666),
       (2, '奇想花园', '2022-03-03', 859386),
       (3, '奇想花园', '2022-05-16', 99255),
       (4, '奇想花园', '2022-05-27', 26552),
       (5, '奇想花园', '2022-07-12', 97822),
       (6, '奇想花园', '2022-08-02', 1487),
       (7, '奇想花园', '2022-12-12', 661),
       (8, '宝藏湾', '2022-02-23', 4183),
       (9, '宝藏湾', '2022-03-01', 9126),
       (10, '宝藏湾', '2022-04-11', 660999),
       (11, '宝藏湾', '2022-04-25', 3787),
       (12, '宝藏湾', '2022-05-22', 973222),
       (13, '宝藏湾', '2022-09-29', 537),
       (14, '宝藏湾', '2022-11-04', 179),
       (15, '探险岛', '2022-04-06', 571340),
       (16, '探险岛', '2022-05-16', 38370),
       (17, '探险岛', '2022-05-24', 59298),
       (18, '探险岛', '2022-06-21', 3816),
       (19, '探险岛', '2022-08-08', 134),
       (20, '探险岛', '2022-12-01', 192640),
       (21, '探险岛', '2022-12-20', 352628),
       (22, '探险岛', '2022-12-26', 114),
       (23, '明日世界', '2022-02-19', 494),
       (24, '明日世界', '2022-03-10', 492),
       (25, '明日世界', '2022-03-15', 633035),
       (26, '明日世界', '2022-03-22', 36519),
       (27, '明日世界', '2022-04-04', 997),
       (28, '明日世界', '2022-07-18', 310201),
       (29, '明日世界', '2022-07-24', 770),
       (30, '明日世界', '2022-07-28', 88955),
       (31, '明日世界', '2022-08-01', 87239),
       (32, '明日世界', '2022-08-17', 7746),
       (33, '明日世界', '2022-08-25', 166),
       (34, '明日世界', '2022-09-02', 77799),
       (35, '明日世界', '2022-09-06', 941325),
       (36, '明日世界', '2022-11-10', 4765),
       (37, '明日世界', '2022-12-24', 272481),
       (38, '梦幻世界', '2022-05-04', 402230),
       (39, '梦幻世界', '2022-08-21', 887662),
       (40, '梦幻世界', '2022-11-02', 800896),
       (41, '迪士尼•皮克斯玩具总动员', '2022-01-23', 4746),
       (42, '迪士尼•皮克斯玩具总动员', '2022-02-09', 867),
       (43, '迪士尼•皮克斯玩具总动员', '2022-04-25', 1013),
       (44, '迪士尼•皮克斯玩具总动员', '2022-05-20', 34187),
       (45, '迪士尼•皮克斯玩具总动员', '2022-07-11', 256902),
       (46, '迪士尼•皮克斯玩具总动员', '2022-07-21', 207283),
       (47, '迪士尼•皮克斯玩具总动员', '2022-08-13', 449),
       (48, '迪士尼•皮克斯玩具总动员', '2022-09-17', 239),
       (49, '迪士尼•皮克斯玩具总动员', '2022-10-10', 3811),
       (50, '迪士尼•皮克斯玩具总动员', '2022-11-05', 110);

CREATE TABLE `income`
(
    `id`   int          NOT NULL,
    `type` varchar(256) NOT NULL COMMENT '收入类型',
    `date` date         NOT NULL COMMENT '日期',
    `num`  int          NOT NULL COMMENT '当天收入',
    PRIMARY KEY (`id`)
) ENGINE = InnoDB
  DEFAULT CHARSET = utf8mb4
  COLLATE = utf8mb4_0900_ai_ci COMMENT ='收入';

INSERT INTO `income` (`id`, `type`, `date`, `num`)
VALUES (1, '停车位营收', '2022-01-10', 5248615),
       (2, '停车位营收', '2022-01-18', 5151853),
       (3, '停车位营收', '2022-03-08', 5005),
       (4, '停车位营收', '2022-03-25', 5376084),
       (5, '停车位营收', '2022-04-10', 8351),
       (6, '停车位营收', '2022-05-05', 8978302),
       (7, '停车位营收', '2022-06-16', 92522),
       (8, '停车位营收', '2022-06-28', 254791),
       (9, '停车位营收', '2022-08-02', 6159),
       (10, '停车位营收', '2022-08-04', 424772),
       (11, '停车位营收', '2022-10-01', 998371),
       (12, '停车位营收', '2022-10-04', 393778),
       (13, '停车位营收', '2022-10-05', 129202),
       (14, '停车位营收', '2022-10-31', 92421),
       (15, '停车位营收', '2022-11-29', 4740693),
       (16, '停车位营收', '2022-12-10', 1249513),
       (17, '其他营收', '2022-02-03', 39452),
       (18, '其他营收', '2022-03-19', 82783),
       (19, '其他营收', '2022-04-15', 1509079),
       (20, '其他营收', '2022-04-20', 7059151),
       (21, '其他营收', '2022-04-27', 29933),
       (22, '其他营收', '2022-05-23', 872820),
       (23, '其他营收', '2022-06-20', 8750),
       (24, '其他营收', '2022-07-03', 9281),
       (25, '其他营收', '2022-07-18', 6157),
       (26, '其他营收', '2022-07-20', 3058),
       (27, '其他营收', '2022-08-17', 6904),
       (28, '其他营收', '2022-09-08', 170160),
       (29, '其他营收', '2022-09-11', 2033),
       (30, '其他营收', '2022-09-11', 9221),
       (31, '其他营收', '2022-09-15', 91349),
       (32, '其他营收', '2022-10-07', 261634),
       (33, '其他营收', '2022-11-11', 8451),
       (34, '其他营收', '2022-11-19', 4795),
       (35, '其他营收', '2022-11-20', 3298808),
       (36, '其他营收', '2022-12-19', 42048),
       (37, '其他营收', '2022-12-23', 79717),
       (38, '商店营收', '2022-01-28', 7214),
       (39, '商店营收', '2022-04-04', 7462),
       (40, '商店营收', '2022-04-24', 2017),
       (41, '商店营收', '2022-04-24', 2519997),
       (42, '商店营收', '2022-04-29', 6347),
       (43, '商店营收', '2022-05-20', 6900),
       (44, '商店营收', '2022-06-16', 565525),
       (45, '商店营收', '2022-06-20', 24614),
       (46, '商店营收', '2022-08-03', 902111),
       (47, '商店营收', '2022-08-09', 34383),
       (48, '商店营收', '2022-09-09', 8101),
       (49, '商店营收', '2022-10-05', 2851),
       (50, '商店营收', '2022-10-17', 8982156),
       (51, '商店营收', '2022-10-19', 9479662),
       (52, '商店营收', '2022-11-12', 49517),
       (53, '商店营收', '2022-11-18', 14161),
       (54, '商店营收', '2022-11-28', 5370515),
       (55, '商店营收', '2022-11-29', 8934148),
       (56, '商店营收', '2022-12-05', 443481),
       (57, '商店营收', '2022-12-21', 1641),
       (58, '游乐设施营收', '2022-01-21', 898566),
       (59, '游乐设施营收', '2022-01-25', 5604209),
       (60, '游乐设施营收', '2022-02-07', 89397),
       (61, '游乐设施营收', '2022-02-24', 1343),
       (62, '游乐设施营收', '2022-02-26', 7487),
       (63, '游乐设施营收', '2022-02-27', 1961),
       (64, '游乐设施营收', '2022-03-03', 3058),
       (65, '游乐设施营收', '2022-04-08', 7453),
       (66, '游乐设施营收', '2022-04-23', 74941),
       (67, '游乐设施营收', '2022-05-23', 418399),
       (68, '游乐设施营收', '2022-06-03', 746115),
       (69, '游乐设施营收', '2022-06-13', 35795),
       (70, '游乐设施营收', '2022-06-23', 6865352),
       (71, '游乐设施营收', '2022-09-01', 50928),
       (72, '游乐设施营收', '2022-09-21', 4384),
       (73, '游乐设施营收', '2022-12-19', 57528),
       (74, '游乐设施营收', '2022-12-27', 64155),
       (75, '酒店营收', '2022-01-19', 6959548),
       (76, '酒店营收', '2022-03-21', 7127),
       (77, '酒店营收', '2022-04-23', 8167),
       (78, '酒店营收', '2022-04-27', 2472020),
       (79, '酒店营收', '2022-04-28', 3503),
       (80, '酒店营收', '2022-05-06', 3274),
       (81, '酒店营收', '2022-05-14', 19881),
       (82, '酒店营收', '2022-05-17', 522823),
       (83, '酒店营收', '2022-05-22', 52463),
       (84, '酒店营收', '2022-05-31', 93115),
       (85, '酒店营收', '2022-06-25', 983873),
       (86, '酒店营收', '2022-07-04', 8284),
       (87, '酒店营收', '2022-07-12', 6304688),
       (88, '酒店营收', '2022-08-04', 27549),
       (89, '酒店营收', '2022-08-12', 2903799),
       (90, '酒店营收', '2022-08-16', 76126),
       (91, '酒店营收', '2022-08-26', 1641627),
       (92, '酒店营收', '2022-09-18', 6220),
       (93, '酒店营收', '2022-10-03', 8945928),
       (94, '酒店营收', '2022-10-15', 208940),
       (95, '酒店营收', '2022-10-21', 4304149),
       (96, '酒店营收', '2022-10-22', 9109345),
       (97, '酒店营收', '2022-11-24', 7172),
       (98, '酒店营收', '2022-12-01', 64638),
       (99, '酒店营收', '2022-12-04', 2374),
       (100, '酒店营收', '2022-12-21', 90580);
CREATE TABLE `parking_lot`
(
    `id`       int          NOT NULL AUTO_INCREMENT,
    `name`     varchar(256) NOT NULL COMMENT '停车场名字',
    `duration` int          NOT NULL COMMENT '停车时间（小时）',
    `num`      int          NOT NULL COMMENT '泊车数',
    PRIMARY KEY (`id`)
) ENGINE = InnoDB
  DEFAULT CHARSET = utf8mb4
  COLLATE = utf8mb4_0900_ai_ci COMMENT ='停车详情';

INSERT INTO `parking_lot` (`id`, `name`, `duration`, `num`)
VALUES (1, '停中车停车场', 5, 8073),
       (2, '停中车停车场', 6, 778),
       (3, '停中车停车场', 8, 99),
       (4, '停大车停车场', 1, 2193),
       (5, '停大车停车场', 2, 6385),
       (6, '停大车停车场', 3, 577),
       (7, '停大车停车场', 4, 2821),
       (8, '停大车停车场', 6, 8361),
       (9, '停大车停车场', 7, 1994),
       (10, '停大车停车场', 8, 7983),
       (11, '停小车停车场', 1, 64),
       (12, '停小车停车场', 2, 5875),
       (13, '停小车停车场', 3, 9291),
       (14, '停小车停车场', 4, 64),
       (15, '停小车停车场', 6, 46),
       (16, '停小车停车场', 7, 97),
       (17, '停小车停车场', 8, 80),
       (18, '停小车停车场', 9, 64),
       (19, '命运石之门停车场', 2, 61),
       (20, '命运石之门停车场', 3, 4719),
       (21, '命运石之门停车场', 4, 2858),
       (22, '命运石之门停车场', 6, 56),
       (23, '命运石之门停车场', 7, 7191),
       (24, '命运石之门停车场', 9, 8399),
       (25, '微波炉停车场', 1, 87),
       (26, '微波炉停车场', 3, 370),
       (27, '微波炉停车场', 4, 4673),
       (28, '微波炉停车场', 5, 525),
       (29, '微波炉停车场', 9, 394);

CREATE TABLE `site_info`
(
    `id`            int  NOT NULL,
    `date`          date NOT NULL COMMENT '日期',
    `revisit_rate`  int  NOT NULL COMMENT '重复访问率（%）',
    `site_health`   int  NOT NULL COMMENT '站点健康度',
    `rf_health`     int  NOT NULL COMMENT '射频健康度',
    `device_health` int  NOT NULL COMMENT '设备健康度',
    `flow`          int  NOT NULL COMMENT '当日站点流量',
    PRIMARY KEY (`id`)
) ENGINE = InnoDB
  DEFAULT CHARSET = utf8mb4
  COLLATE = utf8mb4_0900_ai_ci COMMENT ='站点信息';

INSERT INTO `site_info` (`id`, `date`, `revisit_rate`, `site_health`, `rf_health`, `device_health`, `flow`)
VALUES (1, '2022-02-08', 28, 7, 8, 71, 8301),
       (2, '2022-03-22', 1, 37, 8, 6, 2197),
       (3, '2022-03-29', 63, 91, 6, 9, 836373),
       (4, '2022-04-09', 33, 1, 26, 44, 1661),
       (5, '2022-05-23', 62, 19, 9, 6, 96533),
       (6, '2022-05-28', 8, 1, 19, 57, 1023),
       (7, '2022-08-04', 9, 21, 2, 50, 212464),
       (8, '2022-09-20', 74, 88, 57, 13, 5325),
       (9, '2022-10-18', 7, 25, 93, 59, 7882),
       (10, '2022-11-06', 96, 85, 29, 3, 98993),
       (11, '2022-11-18', 90, 6, 2, 24, 74082),
       (12, '2022-01-05', 57, 2, 6, 5, 152737),
       (13, '2022-01-11', 46, 34, 5, 72, 8842),
       (14, '2022-01-18', 7, 4, 53, 48, 9203),
       (15, '2022-02-09', 26, 31, 78, 79, 2021),
       (16, '2022-02-23', 41, 68, 93, 29, 645),
       (17, '2022-04-01', 68, 35, 64, 45, 2118),
       (18, '2022-04-12', 7, 53, 3, 7, 727),
       (19, '2022-07-03', 39, 85, 23, 2, 1875),
       (20, '2022-07-21', 9, 1, 64, 20, 148483),
       (21, '2022-10-29', 2, 6, 68, 3, 387),
       (22, '2022-12-22', 89, 39, 58, 36, 542281),
       (23, '2022-01-14', 2, 65, 7, 95, 59286),
       (24, '2022-02-08', 1, 2, 17, 8, 201141),
       (25, '2022-03-24', 5, 37, 89, 34, 249),
       (26, '2022-04-23', 1, 87, 89, 14, 947992),
       (27, '2022-05-08', 1, 81, 64, 83, 60199),
       (28, '2022-05-23', 1, 39, 1, 2, 940),
       (29, '2022-05-31', 41, 36, 68, 63, 246115),
       (30, '2022-06-02', 6, 63, 97, 33, 752),
       (31, '2022-06-21', 2, 69, 5, 55, 322),
       (32, '2022-07-01', 98, 8, 52, 5, 3442),
       (33, '2022-08-27', 60, 8, 95, 88, 388),
       (34, '2022-09-24', 41, 8, 37, 4, 52041),
       (35, '2022-10-20', 57, 1, 29, 18, 957885),
       (36, '2022-02-13', 86, 6, 58, 91, 71282),
       (37, '2022-04-02', 64, 77, 2, 35, 704497),
       (38, '2022-04-15', 75, 99, 96, 12, 806),
       (39, '2022-07-22', 6, 96, 65, 9, 892),
       (40, '2022-08-06', 36, 9, 66, 16, 676455),
       (41, '2022-01-06', 52, 76, 24, 96, 3510),
       (42, '2022-03-09', 2, 55, 86, 3, 646523),
       (43, '2022-03-12', 75, 52, 77, 1, 485170),
       (44, '2022-03-26', 46, 91, 11, 18, 405),
       (45, '2022-04-19', 28, 9, 37, 21, 572950),
       (46, '2022-04-20', 49, 37, 90, 89, 847),
       (47, '2022-05-06', 92, 2, 9, 6, 5209),
       (48, '2022-07-26', 5, 73, 78, 22, 570),
       (49, '2022-08-31', 7, 61, 67, 63, 32960),
       (50, '2022-09-25', 6, 34, 41, 6, 79130),
       (51, '2022-10-01', 80, 2, 63, 30, 3172),
       (52, '2022-10-19', 50, 27, 1, 8, 5501),
       (53, '2022-11-17', 91, 20, 2, 98, 547),
       (54, '2022-11-21', 11, 96, 8, 45, 1116),
       (55, '2022-12-06', 92, 9, 9, 8, 978),
       (56, '2022-01-20', 32, 7, 34, 84, 923),
       (57, '2022-01-23', 5, 64, 1, 79, 978),
       (58, '2022-02-17', 6, 77, 1, 85, 260),
       (59, '2022-03-12', 75, 47, 69, 60, 580),
       (60, '2022-03-13', 71, 6, 24, 7, 5622),
       (61, '2022-03-24', 97, 5, 8, 34, 6866),
       (62, '2022-04-10', 80, 69, 57, 26, 86761),
       (63, '2022-05-05', 7, 88, 8, 2, 392),
       (64, '2022-06-09', 61, 15, 7, 21, 507825),
       (65, '2022-10-01', 97, 97, 95, 93, 1880),
       (66, '2022-11-20', 87, 2, 85, 19, 438),
       (67, '2022-12-28', 2, 4, 16, 71, 948),
       (68, '2022-01-04', 93, 3, 1, 1, 255),
       (69, '2022-01-06', 24, 91, 42, 45, 644),
       (70, '2022-04-05', 21, 28, 6, 1, 210),
       (71, '2022-06-22', 62, 97, 97, 82, 30665),
       (72, '2022-07-02', 64, 4, 3, 57, 117909),
       (73, '2022-11-16', 15, 30, 58, 39, 81737),
       (74, '2022-01-05', 6, 56, 59, 2, 374),
       (75, '2022-02-06', 34, 9, 11, 28, 61231),
       (76, '2022-02-15', 43, 69, 49, 43, 645),
       (77, '2022-03-23', 26, 16, 6, 6, 752),
       (78, '2022-04-08', 68, 7, 1, 6, 532),
       (79, '2022-05-01', 21, 71, 53, 97, 556),
       (80, '2022-05-30', 5, 78, 6, 72, 775),
       (81, '2022-08-03', 11, 2, 52, 1, 7777),
       (82, '2022-08-09', 39, 31, 27, 38, 331),
       (83, '2022-09-15', 94, 23, 7, 98, 678),
       (84, '2022-09-17', 5, 87, 75, 50, 733),
       (85, '2022-12-18', 36, 55, 95, 83, 897),
       (86, '2022-03-28', 35, 7, 94, 15, 768498),
       (87, '2022-05-23', 83, 31, 32, 46, 95734),
       (88, '2022-06-17', 63, 18, 34, 5, 2820),
       (89, '2022-09-04', 35, 9, 99, 97, 551341),
       (90, '2022-10-22', 16, 51, 70, 87, 615),
       (91, '2022-12-05', 13, 66, 8, 57, 6100),
       (92, '2022-12-08', 85, 46, 6, 56, 368),
       (93, '2022-02-26', 3, 65, 3, 5, 177),
       (94, '2022-04-20', 9, 83, 9, 12, 8034),
       (95, '2022-04-27', 79, 3, 38, 4, 913952),
       (96, '2022-04-27', 2, 86, 2, 73, 5924),
       (97, '2022-05-07', 85, 45, 1, 56, 861157),
       (98, '2022-05-21', 85, 6, 24, 6, 708),
       (99, '2022-08-12', 55, 20, 6, 83, 96818),
       (100, '2022-08-24', 8, 60, 35, 98, 202296);

CREATE TABLE `tourist_flow`
(
    `id`       int          NOT NULL AUTO_INCREMENT,
    `location` varchar(256) NOT NULL COMMENT '园区地点',
    `date`     date         NOT NULL COMMENT '时间',
    `num`      int          NOT NULL COMMENT '游客数量',
    PRIMARY KEY (`id`)
) ENGINE = InnoDB
  DEFAULT CHARSET = utf8mb4
  COLLATE = utf8mb4_0900_ai_ci COMMENT ='客流量';

INSERT INTO `tourist_flow` (`id`, `location`, `date`, `num`)
VALUES (1, '奇想花园', '2022-01-23', 738367),
       (2, '奇想花园', '2022-04-25', 598),
       (3, '奇想花园', '2022-01-30', 9950),
       (4, '奇想花园', '2022-11-13', 390117),
       (5, '奇想花园', '2022-04-14', 2169),
       (6, '奇想花园', '2022-12-09', 745),
       (7, '奇想花园', '2022-04-10', 859973),
       (8, '奇想花园', '2022-05-14', 919940),
       (9, '奇想花园', '2022-10-03', 454),
       (10, '奇想花园', '2022-01-03', 4762),
       (11, '奇想花园', '2022-10-03', 718),
       (12, '奇想花园', '2022-01-10', 414),
       (13, '奇想花园', '2022-10-19', 340),
       (14, '奇想花园', '2022-10-14', 970),
       (15, '奇想花园', '2022-10-01', 6914),
       (16, '奇想花园', '2022-10-22', 215417),
       (17, '奇想花园', '2022-11-27', 866),
       (18, '奇想花园', '2022-03-13', 15429),
       (19, '奇想花园', '2022-07-22', 6766),
       (20, '奇想花园', '2022-07-25', 18126),
       (21, '奇想花园', '2022-08-28', 8933),
       (22, '奇想花园', '2022-12-24', 4432),
       (23, '奇想花园', '2022-05-02', 402579),
       (24, '宝藏湾', '2022-08-08', 5428),
       (25, '宝藏湾', '2022-08-09', 945),
       (26, '宝藏湾', '2022-07-10', 2742),
       (27, '宝藏湾', '2022-05-17', 542885),
       (28, '宝藏湾', '2022-08-30', 55250),
       (29, '宝藏湾', '2022-02-19', 88015),
       (30, '宝藏湾', '2022-11-21', 667472),
       (31, '宝藏湾', '2022-06-20', 295),
       (32, '探险岛', '2022-10-24', 45922),
       (33, '探险岛', '2022-08-31', 2377),
       (34, '探险岛', '2022-09-10', 884015),
       (35, '探险岛', '2022-03-22', 385639),
       (36, '探险岛', '2022-11-25', 86245),
       (37, '探险岛', '2022-05-11', 839),
       (38, '探险岛', '2022-05-29', 5296),
       (39, '探险岛', '2022-03-23', 825),
       (40, '探险岛', '2022-01-11', 985),
       (41, '探险岛', '2022-10-23', 907),
       (42, '探险岛', '2022-05-06', 2690),
       (43, '探险岛', '2022-01-20', 457),
       (44, '探险岛', '2022-08-30', 292392),
       (45, '探险岛', '2022-04-17', 754576),
       (46, '明日世界', '2022-02-19', 814),
       (47, '明日世界', '2022-08-03', 142),
       (48, '明日世界', '2022-12-12', 4702),
       (49, '明日世界', '2022-08-23', 25545),
       (50, '明日世界', '2022-08-20', 379),
       (51, '明日世界', '2022-11-12', 961590),
       (52, '明日世界', '2022-01-22', 3609),
       (53, '明日世界', '2022-03-25', 8501),
       (54, '明日世界', '2022-10-19', 353),
       (55, '明日世界', '2022-08-26', 8283),
       (56, '明日世界', '2022-09-14', 78352),
       (57, '明日世界', '2022-11-03', 3317),
       (58, '明日世界', '2022-07-16', 63141),
       (59, '明日世界', '2022-08-06', 248),
       (60, '明日世界', '2022-06-12', 489),
       (61, '明日世界', '2022-11-08', 233),
       (62, '明日世界', '2022-11-30', 21746),
       (63, '明日世界', '2022-01-20', 7271),
       (64, '明日世界', '2022-02-06', 60246),
       (65, '明日世界', '2022-06-23', 733),
       (66, '明日世界', '2022-10-19', 739),
       (67, '明日世界', '2022-03-29', 256),
       (68, '梦幻世界', '2022-08-22', 819),
       (69, '梦幻世界', '2022-10-29', 379643),
       (70, '梦幻世界', '2022-01-27', 353246),
       (71, '梦幻世界', '2022-04-27', 9793),
       (72, '梦幻世界', '2022-06-16', 295280),
       (73, '梦幻世界', '2022-05-17', 966061),
       (74, '梦幻世界', '2022-11-11', 664145),
       (75, '梦幻世界', '2022-09-08', 9705),
       (76, '梦幻世界', '2022-07-10', 810),
       (77, '梦幻世界', '2022-01-19', 72135),
       (78, '梦幻世界', '2022-01-03', 243479),
       (79, '梦幻世界', '2022-06-16', 426),
       (80, '梦幻世界', '2022-01-12', 854),
       (81, '梦幻世界', '2022-08-27', 7239),
       (82, '梦幻世界', '2022-11-09', 944212),
       (83, '梦幻世界', '2022-07-07', 571),
       (84, '梦幻世界', '2022-04-15', 878153),
       (85, '梦幻世界', '2022-11-12', 800289),
       (86, '梦幻世界', '2022-02-22', 667106),
       (87, '梦幻世界', '2022-02-07', 7516),
       (88, '梦幻世界', '2022-11-23', 678662),
       (89, '梦幻世界', '2022-12-10', 603784),
       (90, '梦幻世界', '2022-01-14', 992),
       (91, '迪士尼•皮克斯玩具总动员', '2022-10-09', 3059),
       (92, '迪士尼•皮克斯玩具总动员', '2022-12-01', 770),
       (93, '迪士尼•皮克斯玩具总动员', '2022-09-19', 438),
       (94, '迪士尼•皮克斯玩具总动员', '2022-08-09', 2739),
       (95, '迪士尼•皮克斯玩具总动员', '2022-01-20', 5972),
       (96, '迪士尼•皮克斯玩具总动员', '2022-12-31', 5178),
       (97, '迪士尼•皮克斯玩具总动员', '2022-04-12', 80704),
       (98, '迪士尼•皮克斯玩具总动员', '2022-11-20', 89324),
       (99, '迪士尼•皮克斯玩具总动员', '2022-02-10', 465),
       (100, '迪士尼•皮克斯玩具总动员', '2022-05-16', 4789);

CREATE TABLE `tourist_car_province`
(
    `id`       int          NOT NULL AUTO_INCREMENT,
    `province` varchar(256) NOT NULL COMMENT '省份',
    `date`     date         NOT NULL COMMENT '日期',
    `flow_num` int          NOT NULL COMMENT '人流数量',
    `car_num`  int          NOT NULL COMMENT '车辆数',
    PRIMARY KEY (`id`)
) ENGINE = InnoDB
  DEFAULT CHARSET = utf8mb4
  COLLATE = utf8mb4_0900_ai_ci COMMENT ='省份游客详情';

INSERT INTO `tourist_car_province` (`id`, `province`, `date`, `flow_num`, `car_num`)
VALUES (1, '上海', '2022-05-25', 3886, 824),
       (2, '云南', '2022-04-06', 584, 87680),
       (3, '云南', '2022-08-06', 691956, 32535),
       (4, '云南', '2022-10-11', 733, 608),
       (5, '内蒙古', '2022-01-24', 427609, 95768),
       (6, '北京', '2022-03-20', 662, 4378),
       (7, '北京', '2022-05-06', 596, 70959),
       (8, '北京', '2022-09-18', 462, 27241),
       (9, '北京', '2022-09-24', 80275, 314),
       (10, '北京', '2022-11-29', 967080, 88879),
       (11, '四川', '2022-11-23', 302453, 39),
       (12, '天津', '2022-09-09', 553, 14785),
       (13, '宁夏', '2022-10-18', 3130, 68),
       (14, '宁夏', '2022-11-17', 192538, 4374),
       (15, '山东', '2022-01-05', 3109, 89),
       (16, '山东', '2022-02-28', 342495, 232),
       (17, '山西', '2022-08-21', 241, 35817),
       (18, '山西', '2022-09-23', 149556, 5152),
       (19, '广西壮族自治区', '2022-03-01', 8695, 71),
       (20, '广西壮族自治区', '2022-05-19', 31798, 1548),
       (21, '新疆', '2022-09-04', 1809, 38),
       (22, '江苏', '2022-05-12', 604, 84927),
       (23, '江苏', '2022-06-13', 3720, 8398),
       (24, '河北', '2022-02-03', 300, 1569),
       (25, '河北', '2022-03-30', 203, 20994),
       (26, '河北', '2022-11-10', 608, 43),
       (27, '河南', '2022-02-08', 98523, 74),
       (28, '河南', '2022-02-19', 448463, 6289),
       (29, '河南', '2022-03-27', 690332, 69464),
       (30, '河南', '2022-04-09', 623, 67892),
       (31, '河南', '2022-05-14', 97322, 42),
       (32, '河南', '2022-12-20', 23629, 866),
       (33, '海南', '2022-06-16', 964, 63290),
       (34, '海南', '2022-11-07', 941655, 80667),
       (35, '湖北', '2022-07-15', 4473, 35),
       (36, '湖北', '2022-07-30', 887, 808),
       (37, '湖北', '2022-08-29', 239, 562),
       (38, '澳门', '2022-12-22', 942091, 12),
       (39, '甘肃', '2022-04-06', 5622, 30041),
       (40, '甘肃', '2022-08-02', 745, 3465),
       (41, '福建', '2022-01-26', 7060, 63064),
       (42, '福建', '2022-06-21', 456, 305),
       (43, '西藏', '2022-08-13', 243, 39552),
       (44, '贵州', '2022-01-21', 733, 5425),
       (45, '重庆', '2022-03-27', 421, 7496),
       (46, '陕西', '2022-08-22', 4508, 39),
       (47, '青海', '2022-08-15', 747, 66),
       (48, '香港', '2022-10-01', 336, 93),
       (49, '黑龙江', '2022-03-22', 2979, 5576),
       (50, '黑龙江', '2022-12-14', 161, 568);

CREATE TABLE `user`
(
    `id`       int          NOT NULL AUTO_INCREMENT,
    `username` varchar(256) NOT NULL COMMENT '用户名',
    `password` varchar(256) NOT NULL COMMENT '密码',
    PRIMARY KEY (`id`)
) ENGINE = InnoDB
  DEFAULT CHARSET = utf8mb4
  COLLATE = utf8mb4_0900_ai_ci COMMENT ='用户';

INSERT INTO `user` (`id`, `username`, `password`)
VALUES (1, 'aqxmrozi', '123456'),
       (2, 'bdu', '123456'),
       (3, 'cth', '123456'),
       (4, 'dunluv', '123456'),
       (5, 'dxlb', '123456'),
       (6, 'hnq', '123456'),
       (7, 'imoprb', '123456'),
       (8, 'jlc', '123456'),
       (9, 'jmg', '123456'),
       (10, 'klg', '123456'),
       (11, 'lquw', '123456'),
       (12, 'lzhrsg', '123456'),
       (13, 'nwb', '123456'),
       (14, 'osos', '123456'),
       (15, 'swi', '123456'),
       (16, 'ujnst', '123456'),
       (17, 'uvyoqzcp', '123456'),
       (18, 'vqjpaa', '123456'),
       (19, 'wiygk', '123456'),
       (20, 'wsla', '123456');

CREATE TABLE `wechat`
(
    `id`   int  NOT NULL AUTO_INCREMENT,
    `date` date NOT NULL COMMENT '日期',
    `num`  int  NOT NULL COMMENT '微信关注数量',
    PRIMARY KEY (`id`)
) ENGINE = InnoDB
  DEFAULT CHARSET = utf8mb4
  COLLATE = utf8mb4_0900_ai_ci COMMENT ='微信关注';

INSERT INTO `wechat` (`id`, `date`, `num`)
VALUES (1, '2022-01-29', 3907),
       (2, '2022-04-10', 42),
       (3, '2022-04-13', 32),
       (4, '2022-05-22', 84),
       (5, '2022-06-30', 6784),
       (6, '2022-09-06', 5470),
       (7, '2022-09-25', 7266),
       (8, '2022-10-11', 62),
       (9, '2022-10-17', 49),
       (10, '2022-11-03', 47);

CREATE TABLE `log_err` (
  `id` int NOT NULL AUTO_INCREMENT,
  `priority` int NOT NULL COMMENT '优先级(1~9)',
  `date` datetime NOT NULL COMMENT '日期',
  `location` varchar(256) NOT NULL COMMENT '发生地点',
  `siteid` int NOT NULL COMMENT '站点id',
  `cause` varchar(256) NOT NULL COMMENT '异常原因',
  PRIMARY KEY (`id`)
) ENGINE=InnoDB DEFAULT CHARSET=utf8mb4 COLLATE=utf8mb4_0900_ai_ci COMMENT='站点异常信息';

INSERT INTO `log_err` (`id`, `priority`, `date`, `location`, `siteid`, `cause`) VALUES
(1, 8, '2022-01-28 04:03:08', '梦幻世界', 46, '未知错误'),
(2, 5, '2022-04-06 22:54:30', '探险岛', 10, '配置错误'),
(3, 5, '2022-02-16 23:40:41', '明日世界', 55, '硬件故障'),
(4, 9, '2022-02-06 11:58:38', '梦幻世界', 63, '未知错误'),
(5, 7, '2022-03-27 14:14:16', '宝藏湾', 94, '硬件故障'),
(6, 7, '2022-02-28 13:31:21', '明日世界', 35, '配置错误'),
(7, 8, '2022-08-28 20:53:47', '梦幻世界', 70, '硬件故障'),
(8, 1, '2022-02-14 22:47:08', '梦幻世界', 32, '硬件故障'),
(9, 6, '2022-06-27 13:58:39', '明日世界', 81, '未知错误'),
(10, 3, '2022-01-21 09:17:17', '明日世界', 28, '配置错误'),
(11, 2, '2022-10-08 14:18:54', '明日世界', 59, '站点过载'),
(12, 2, '2022-12-14 01:05:55', '宝藏湾', 92, '未知错误'),
(13, 9, '2022-02-13 01:55:47', '宝藏湾', 55, '硬件故障'),
(14, 9, '2022-07-16 04:33:43', '梦幻世界', 90, '硬件故障'),
(15, 7, '2022-06-14 19:48:20', '奇想花园', 38, '未知错误'),
(16, 5, '2022-12-18 15:52:53', '迪士尼•皮克斯玩具总动员', 93, '配置错误'),
(17, 2, '2022-02-07 21:21:44', '奇想花园', 81, '未知错误'),
(18, 9, '2022-06-23 13:59:24', '明日世界', 36, '未知错误'),
(19, 7, '2022-02-05 20:08:13', '梦幻世界', 75, '站点过载'),
(20, 1, '2022-02-07 13:13:21', '探险岛', 20, '硬件故障'),
(21, 5, '2022-08-11 20:42:12', '迪士尼•皮克斯玩具总动员', 17, '配置错误'),
(22, 7, '2022-03-14 20:48:18', '探险岛', 35, '配置错误'),
(23, 5, '2022-10-22 15:57:17', '迪士尼•皮克斯玩具总动员', 55, '站点过载'),
(24, 9, '2022-07-06 01:23:12', '奇想花园', 11, '配置错误'),
(25, 8, '2022-08-26 00:16:58', '探险岛', 88, '未知错误'),
(26, 3, '2022-12-21 19:03:04', '梦幻世界', 64, '硬件故障'),
(27, 8, '2022-07-31 03:54:05', '梦幻世界', 92, '配置错误'),
(28, 5, '2022-10-17 03:31:05', '宝藏湾', 25, '未知错误'),
(29, 1, '2022-10-13 07:59:49', '迪士尼•皮克斯玩具总动员', 12, '硬件故障'),
(30, 1, '2022-01-23 08:46:39', '奇想花园', 71, '硬件故障'),
(31, 4, '2022-08-08 23:21:32', '宝藏湾', 15, '未知错误'),
(32, 5, '2022-07-26 15:52:01', '奇想花园', 64, '未知错误'),
(33, 9, '2022-10-17 23:26:05', '探险岛', 44, '配置错误'),
(34, 6, '2022-06-23 16:57:50', '迪士尼•皮克斯玩具总动员', 21, '站点过载'),
(35, 4, '2022-10-14 15:24:10', '梦幻世界', 89, '未知错误'),
(36, 6, '2022-06-09 19:03:06', '迪士尼•皮克斯玩具总动员', 45, '未知错误'),
(37, 2, '2022-03-02 15:46:05', '探险岛', 37, '站点过载'),
(38, 6, '2022-05-21 02:47:16', '明日世界', 50, '站点过载'),
(39, 7, '2022-06-28 14:38:18', '奇想花园', 59, '站点过载'),
(40, 2, '2022-10-30 08:53:58', '奇想花园', 23, '未知错误'),
(41, 5, '2022-03-31 15:10:11', '奇想花园', 50, '未知错误'),
(42, 9, '2022-11-02 10:01:58', '奇想花园', 31, '配置错误'),
(43, 1, '2022-04-07 01:16:21', '奇想花园', 24, '站点过载'),
(44, 3, '2022-07-11 15:09:00', '奇想花园', 64, '站点过载'),
(45, 3, '2022-10-17 19:14:43', '迪士尼•皮克斯玩具总动员', 59, '站点过载'),
(46, 9, '2022-12-17 23:32:26', '宝藏湾', 81, '硬件故障'),
(47, 2, '2022-09-30 00:53:26', '明日世界', 35, '站点过载'),
(48, 1, '2022-11-27 01:21:28', '宝藏湾', 14, '配置错误'),
(49, 9, '2022-01-25 10:56:48', '梦幻世界', 66, '站点过载'),
(50, 8, '2022-12-17 13:36:32', '梦幻世界', 36, '配置错误');

/*!40101 SET CHARACTER_SET_CLIENT = @OLD_CHARACTER_SET_CLIENT */;
/*!40101 SET CHARACTER_SET_RESULTS = @OLD_CHARACTER_SET_RESULTS */;
/*!40101 SET COLLATION_CONNECTION = @OLD_COLLATION_CONNECTION */;
